{
  "overall_sentiment": 0.06668027802619883,
  "sentiment_breakdown": {
    "positive_pct": 24.157999999999998,
    "neutral_pct": 64.888,
    "negative_pct": 10.954
  },
  "sentiment_by_type": {
    "outgoing": 0.050303328645907405,
    "incoming": 0.08093020041593132
  },
  "linguistic_patterns": {
    "avg_length_outgoing": 36.13983430558364,
    "avg_length_incoming": 34.38399499303989,
    "vocabulary_richness": 0.09251254387411369,
    "total_unique_words": 31418
  },
  "communication_patterns": {
    "question_rate_outgoing": 6.313761023621065,
    "question_rate_incoming": 9.745227741148796,
    "exclamation_rate_outgoing": 1.9200383408592245,
    "exclamation_rate_incoming": 3.0244628848291266
  },
  "emoji_usage": {
    "messages_with_emojis_pct": 1.9900000000000002,
    "total_emojis": 1555,
    "unique_emojis": 367,
    "top_emojis": [
      [
        "\u2b50\ufe0f",
        158
      ],
      [
        "\u2764\ufe0f",
        138
      ],
      [
        "\ud83d\ude02",
        53
      ],
      [
        "\u3064",
        48
      ],
      [
        "\u25d5",
        48
      ],
      [
        "\u2640\ufe0f",
        41
      ],
      [
        "\ud83c\udffb",
        33
      ],
      [
        "\ud83c\udf1f",
        29
      ],
      [
        "\ud83d\udc95",
        28
      ],
      [
        "\ud83d\ude02\ud83d\ude02\ud83d\ude02",
        26
      ]
    ]
  },
  "contact_sentiments": {
    "Potato": 0.05615029983379267,
    "Gratitudeversity": 0.14922763511042014,
    "Thot Daughter": 0.09607956880946793,
    "Gabby": 0.04735712701144915,
    "Natalia (young and restless)": 0.19713537002948273,
    "Jessica": 0.1244519658805373,
    "Potato & Thot Daughter": 0.14973197309226718,
    "becca": 0.05968013468013468,
    "Ian L": 0.06087981899140756,
    "sean": 0.121875,
    "Mom": 0.05475459963435354,
    "Ellie Haney": 0.18968710089399743,
    "Jessica & becca": 0.17933006535947713,
    "jimmi m": 0.16611448557677166
  },
  "most_common_words": [
    [
      "that",
      3059
    ],
    [
      "have",
      2372
    ],
    [
      "just",
      2023
    ],
    [
      "this",
      1987
    ],
    [
      "with",
      1977
    ],
    [
      "like",
      1824
    ],
    [
      "what",
      1696
    ],
    [
      "love",
      1638
    ],
    [
      "your",
      1453
    ],
    [
      "know",
      1083
    ],
    [
      "loved",
      1062
    ],
    [
      "good",
      1044
    ],
    [
      "about",
      991
    ],
    [
      "when",
      969
    ]
  ]
}